subgroup,vax_count_group,n,row_total,prop
FALSE,0,220,3630,6.0606060606060606
FALSE,1-2,500,3630,13.774104683195592
FALSE,3-4,470,3630,12.947658402203857
FALSE,5+,2440,3630,67.21763085399449
TRUE,0,90,1300,6.923076923076923
TRUE,1-2,200,1300,15.384615384615385
TRUE,3-4,170,1300,13.076923076923078
TRUE,5+,840,1300,64.61538461538461
