carehome_status,vax_count_group,n,row_total,prop
FALSE,0,270,4130,6.5375302663438255
FALSE,1-2,600,4130,14.527845036319611
FALSE,3-4,560,4130,13.559322033898304
FALSE,5+,2700,4130,65.37530266343826
TRUE,0,60,800,7.5
TRUE,1-2,90,800,11.25
TRUE,3-4,100,800,12.5
TRUE,5+,550,800,68.75
