immunosuppressed_asplenia,vax_count_group,n,row_total,prop
FALSE,0,310,4510,6.873614190687362
FALSE,1-2,620,4510,13.747228381374724
FALSE,3-4,600,4510,13.303769401330376
FALSE,5+,2980,4510,66.07538802660754
TRUE,0,30,410,7.317073170731707
TRUE,1-2,60,410,14.634146341463413
TRUE,3-4,60,410,14.634146341463413
TRUE,5+,260,410,63.41463414634146
