subgroup,vax_count_group,n,row_total,prop
FALSE,0,260,4200,6.190476190476191
FALSE,1-2,590,4200,14.047619047619047
FALSE,3-4,550,4200,13.095238095238097
FALSE,5+,2800,4200,66.66666666666666
TRUE,0,50,730,6.8493150684931505
TRUE,1-2,100,730,13.698630136986301
TRUE,3-4,90,730,12.32876712328767
TRUE,5+,490,730,67.12328767123287
