subgroup,vax_count_group,n,row_total,prop
FALSE,0,180,2930,6.143344709897611
FALSE,1-2,390,2930,13.310580204778159
FALSE,3-4,380,2930,12.969283276450511
FALSE,5+,1980,2930,67.57679180887372
TRUE,0,130,2000,6.5
TRUE,1-2,300,2000,15
TRUE,3-4,260,2000,13
TRUE,5+,1310,2000,65.5
