cld,vax_count_group,n,row_total,prop
FALSE,0,320,4710,6.794055201698514
FALSE,1-2,660,4710,14.012738853503185
FALSE,3-4,630,4710,13.375796178343949
FALSE,5+,3100,4710,65.81740976645435
TRUE,0,10,200,5
TRUE,1-2,20,200,10
TRUE,3-4,30,200,15
TRUE,5+,140,200,70
