diabetes,vax_count_group,n,row_total,prop
FALSE,0,330,4740,6.962025316455696
FALSE,1-2,660,4740,13.924050632911392
FALSE,3-4,640,4740,13.502109704641349
FALSE,5+,3110,4740,65.61181434599156
TRUE,0,10,190,5.263157894736842
TRUE,1-2,30,190,15.789473684210526
TRUE,3-4,20,190,10.526315789473683
TRUE,5+,130,190,68.42105263157895
