subgroup,vax_count_group,n,row_total,prop
FALSE,0,290,4560,6.359649122807018
FALSE,1-2,630,4560,13.815789473684212
FALSE,3-4,580,4560,12.719298245614036
FALSE,5+,3060,4560,67.10526315789474
TRUE,0,20,370,5.405405405405405
TRUE,1-2,60,370,16.216216216216218
TRUE,3-4,60,370,16.216216216216218
TRUE,5+,230,370,62.16216216216216
