subgroup,vax_count_group,n,row_total,prop
TRUE,0,310,4930,6.288032454361055
TRUE,1-2,690,4930,13.995943204868155
TRUE,3-4,640,4930,12.981744421906694
TRUE,5+,3290,4930,66.73427991886409
