severe_obesity,vax_count_group,n,row_total,prop
FALSE,0,320,4740,6.751054852320674
FALSE,1-2,650,4740,13.71308016877637
FALSE,3-4,640,4740,13.502109704641349
FALSE,5+,3130,4740,66.03375527426161
TRUE,0,20,190,10.526315789473683
TRUE,1-2,30,190,15.789473684210526
TRUE,3-4,20,190,10.526315789473683
TRUE,5+,120,190,63.1578947368421
