copd,vax_count_group,n,row_total,prop
FALSE,0,330,4830,6.832298136645963
FALSE,1-2,670,4830,13.871635610766045
FALSE,3-4,650,4830,13.457556935817806
FALSE,5+,3180,4830,65.83850931677019
TRUE,0,0,90,0
TRUE,1-2,10,90,11.11111111111111
TRUE,3-4,10,90,11.11111111111111
TRUE,5+,70,90,77.77777777777779
