all,vax_count_group,n,row_total,prop
All,0,340,4930,6.896551724137931
All,1-2,680,4930,13.793103448275861
All,3-4,660,4930,13.387423935091277
All,5+,3250,4930,65.92292089249493
