sickle_cell,vax_count_group,n,row_total,prop
FALSE,0,330,4820,6.846473029045644
FALSE,1-2,670,4820,13.900414937759336
FALSE,3-4,640,4820,13.278008298755188
FALSE,5+,3180,4820,65.97510373443983
TRUE,0,10,110,9.090909090909092
TRUE,1-2,10,110,9.090909090909092
TRUE,3-4,20,110,18.181818181818183
TRUE,5+,70,110,63.63636363636363
