rrt_cat,vax_count_group,n,row_total,prop
1 dialysis,0,0,30,0
1 dialysis,1-2,0,30,0
1 dialysis,3-4,0,30,0
1 dialysis,5+,30,30,100
2 transplant,0,0,30,0
2 transplant,1-2,0,30,0
2 transplant,3-4,10,30,33.33333333333333
2 transplant,5+,20,30,66.66666666666666
0 no RRT,0,330,4840,6.8181818181818175
0 no RRT,1-2,680,4840,14.049586776859504
0 no RRT,3-4,640,4840,13.223140495867769
0 no RRT,5+,3190,4840,65.9090909090909
