subgroup,vax_count_group,n,row_total,prop
FALSE,0,290,4720,6.1440677966101696
FALSE,1-2,660,4720,13.983050847457626
FALSE,3-4,620,4720,13.135593220338984
FALSE,5+,3150,4720,66.73728813559322
TRUE,0,20,210,9.523809523809524
TRUE,1-2,30,210,14.285714285714285
TRUE,3-4,20,210,9.523809523809524
TRUE,5+,140,210,66.66666666666666
