smi,vax_count_group,n,row_total,prop
FALSE,0,320,4730,6.765327695560254
FALSE,1-2,660,4730,13.953488372093023
FALSE,3-4,630,4730,13.31923890063425
FALSE,5+,3120,4730,65.96194503171247
TRUE,0,20,200,10
TRUE,1-2,20,200,10
TRUE,3-4,30,200,15
TRUE,5+,130,200,65
