subgroup,vax_count_group,n,row_total,prop
FALSE,0,290,4710,6.1571125265392785
FALSE,1-2,660,4710,14.012738853503185
FALSE,3-4,620,4710,13.163481953290871
FALSE,5+,3140,4710,66.66666666666666
TRUE,0,20,210,9.523809523809524
TRUE,1-2,30,210,14.285714285714285
TRUE,3-4,20,210,9.523809523809524
TRUE,5+,140,210,66.66666666666666
