sex,vax_count_group,n,row_total,prop
Female,0,160,2560,6.25
Female,1-2,370,2560,14.453125
Female,3-4,340,2560,13.28125
Female,5+,1690,2560,66.015625
Male,0,180,2370,7.59493670886076
Male,1-2,320,2370,13.502109704641349
Male,3-4,320,2370,13.502109704641349
Male,5+,1550,2370,65.40084388185655
