ckd,vax_count_group,n,row_total,prop
FALSE,0,330,4750,6.947368421052631
FALSE,1-2,660,4750,13.894736842105262
FALSE,3-4,640,4750,13.473684210526315
FALSE,5+,3120,4750,65.6842105263158
TRUE,0,10,190,5.263157894736842
TRUE,1-2,30,190,15.789473684210526
TRUE,3-4,20,190,10.526315789473683
TRUE,5+,130,190,68.42105263157895
