subgroup,vax_count_group,n,row_total,prop
FALSE,0,290,4710,6.1571125265392785
FALSE,1-2,660,4710,14.012738853503185
FALSE,3-4,610,4710,12.951167728237792
FALSE,5+,3150,4710,66.87898089171973
TRUE,0,20,220,9.090909090909092
TRUE,1-2,30,220,13.636363636363635
TRUE,3-4,30,220,13.636363636363635
TRUE,5+,140,220,63.63636363636363
