subgroup,vax_count_group,n,row_total,prop
FALSE,0,300,4710,6.369426751592357
FALSE,1-2,650,4710,13.800424628450106
FALSE,3-4,610,4710,12.951167728237792
FALSE,5+,3150,4710,66.87898089171973
TRUE,0,10,220,4.545454545454546
TRUE,1-2,40,220,18.181818181818183
TRUE,3-4,30,220,13.636363636363635
TRUE,5+,140,220,63.63636363636363
