subgroup,vax_count_group,n,row_total,prop
FALSE,0,90,1340,6.7164179104477615
FALSE,1-2,200,1340,14.925373134328357
FALSE,3-4,180,1340,13.432835820895523
FALSE,5+,870,1340,64.92537313432835
TRUE,0,220,3590,6.128133704735376
TRUE,1-2,490,3590,13.649025069637883
TRUE,3-4,460,3590,12.813370473537605
TRUE,5+,2420,3590,67.40947075208913
