primis_atrisk,vax_count_group,n,row_total,prop
FALSE,0,220,2960,7.4324324324324325
FALSE,1-2,400,2960,13.513513513513514
FALSE,3-4,390,2960,13.175675675675674
FALSE,5+,1950,2960,65.87837837837837
TRUE,0,120,1970,6.091370558375635
TRUE,1-2,280,1970,14.213197969543149
TRUE,3-4,270,1970,13.705583756345177
TRUE,5+,1300,1970,65.98984771573603
