down_sydrome,vax_count_group,n,row_total,prop
FALSE,0,330,4840,6.8181818181818175
FALSE,1-2,670,4840,13.842975206611571
FALSE,3-4,650,4840,13.429752066115702
FALSE,5+,3190,4840,65.9090909090909
TRUE,0,10,90,11.11111111111111
TRUE,1-2,20,90,22.22222222222222
TRUE,3-4,10,90,11.11111111111111
TRUE,5+,50,90,55.55555555555556
