crd,vax_count_group,n,row_total,prop
FALSE,0,330,4720,6.991525423728813
FALSE,1-2,660,4720,13.983050847457626
FALSE,3-4,630,4720,13.347457627118645
FALSE,5+,3100,4720,65.67796610169492
TRUE,0,10,210,4.761904761904762
TRUE,1-2,30,210,14.285714285714285
TRUE,3-4,30,210,14.285714285714285
TRUE,5+,140,210,66.66666666666666
