chd,vax_count_group,n,row_total,prop
FALSE,0,330,4740,6.962025316455696
FALSE,1-2,650,4740,13.71308016877637
FALSE,3-4,640,4740,13.502109704641349
FALSE,5+,3120,4740,65.82278481012658
TRUE,0,10,200,5
TRUE,1-2,40,200,20
TRUE,3-4,20,200,10
TRUE,5+,130,200,65
