subgroup,vax_count_group,n,row_total,prop
FALSE,0,300,4730,6.342494714587738
FALSE,1-2,660,4730,13.953488372093023
FALSE,3-4,620,4730,13.107822410147993
FALSE,5+,3150,4730,66.59619450317125
TRUE,0,20,200,10
TRUE,1-2,30,200,15
TRUE,3-4,20,200,10
TRUE,5+,130,200,65
