cns_learndis,vax_count_group,n,row_total,prop
FALSE,0,320,4560,7.017543859649122
FALSE,1-2,620,4560,13.596491228070176
FALSE,3-4,610,4560,13.37719298245614
FALSE,5+,3010,4560,66.00877192982456
TRUE,0,20,370,5.405405405405405
TRUE,1-2,60,370,16.216216216216218
TRUE,3-4,50,370,13.513513513513514
TRUE,5+,240,370,64.86486486486487
