subgroup,vax_count_group,n,row_total,prop
FALSE,0,300,4740,6.329113924050633
FALSE,1-2,660,4740,13.924050632911392
FALSE,3-4,620,4740,13.080168776371309
FALSE,5+,3160,4740,66.66666666666666
TRUE,0,10,180,5.555555555555555
TRUE,1-2,30,180,16.666666666666664
TRUE,3-4,20,180,11.11111111111111
TRUE,5+,120,180,66.66666666666666
