subgroup,vax_count_group,n,row_total,prop
FALSE,0,300,4740,6.329113924050633
FALSE,1-2,670,4740,14.135021097046414
FALSE,3-4,620,4740,13.080168776371309
FALSE,5+,3150,4740,66.45569620253164
TRUE,0,10,190,5.263157894736842
TRUE,1-2,20,190,10.526315789473683
TRUE,3-4,20,190,10.526315789473683
TRUE,5+,140,190,73.68421052631578
